Mean_True,Std_True,MAE,RMSE,MAPE,R2,set,model
31055.776605209157,6442.445487586145,172.29252258980264,233.89626824581137,0.5570699253510106,0.9986819099529743,Test,LSTM_Seq
