Mean_True,Std_True,MAE,RMSE,MAPE,R2,set,model
31098.898247795038,6448.2461162791615,179.76245930842796,243.62215372813222,0.5754986520686292,0.9985725847050048,Test,LSTM_Seq
