Mean_True,Std_True,MAE,RMSE,MAPE,R2,set,model
31095.335545972943,6450.056712454654,172.90125248808928,235.0562906796292,0.5559281578459219,0.9986719430757828,Test,LSTM_Seq
