Mean_True,Std_True,MAE,RMSE,MAPE,R2,set,model
31101.322,6446.025,2034.937744140625,2764.7885090907043,6.362294,0.8160330057144165,Test,LSTM_Tabular
