Mean_True,Std_True,MAE,RMSE,MAPE,R2,set,model
31095.335545972943,6450.056712454654,171.47095841894284,231.74079383736853,0.5509706180381801,0.9987091436537283,Test,LSTM_Seq
