Mean_True,Std_True,MAE,RMSE,MAPE,R2,set,model
31101.322,6446.025,2081.275390625,2804.634468161582,6.534469,0.8106921911239624,Test,MLP
