Mean_True,Std_True,MAE,RMSE,MAPE,R2,set,model
31095.335545972943,6450.056712454654,163.55429309865838,228.0053336267496,0.5173998952509005,0.9987504232202508,Test,TCN
