model,MAE,RMSE,MAPE,R2,set
XGBoost,1982.4638092250068,2623.059308789427,6.237456191661747,0.8201023506201752,XGBoost - Validation
LightGBM,2094.491205162047,2750.7727656036627,6.633387864544312,0.8021579060916307,LightGBM - Validation
Random_Forest,2086.791405983057,2782.557624184162,6.51946703093196,0.797559406483607,Random Forest - Validation
Lag_Naive_1day,3428.848374787366,4497.742059930942,10.773532046658715,0.47106980637496343,LagNaive_1day - Validation
Lag_Naive_1week,3611.145004827364,4762.693790890446,11.254818685642071,0.4069182116534018,LagNaive_1week - Validation
RollingMean_168,4247.139376186316,5374.140117912697,13.935443929473813,0.2448604115265639,RollingMean_168 - Validation
RollingMean_24,4255.706067154001,5397.021642202531,13.92464582836938,0.2384163931761235,RollingMean_24 - Validation
